{"text": " I am I am listen read repeat I am happy I am happy I am sad I am sad I am angry I'm angry I am mad I'm mad I'm afraid I'm afraid I'm scared I am scared I am nervous I'm nervous I am anxious I am anxious I'm sick I am sleepy I am sleepy I am tired I'm tired I'm cold I'm cold I am hot I'm hot I'm hungry I'm hungry I am thirsty I'm thirsty I am smart I am smart I am listening I'm listening I am speaking I am speaking I am talking I am thinking I am cool I am cool I am confused I am confused I am hurt I'm hurt I am old I am old I am 60 years old I'm 60 years old I am young I am 23 years old I am 23 years old I am pregnant I am I am married I am married I am working I am working I am from Mexico I am from New York I am from India I am from Algeria I am from Algeria I am French I am French I am Muslim I am Catholic I am Catholic I am Christian I am Christian I am Hindu I am Hindu I am Jewish I am Jewish I am Buddhist I'm Buddhist I", "segments": [{"id": 0, "seek": 0, "start": 0.0, "end": 29.1, "text": " I am I am listen read repeat I am happy I am happy I am sad I am sad I am angry I'm angry I am mad I'm mad I'm afraid I'm afraid I'm scared I am scared I", "tokens": [50363, 314, 716, 314, 716, 6004, 1100, 9585, 314, 716, 3772, 314, 716, 3772, 314, 716, 6507, 314, 716, 6507, 314, 716, 7954, 314, 1101, 7954, 314, 716, 8805, 314, 1101, 8805, 314, 1101, 7787, 314, 1101, 7787, 314, 1101, 12008, 314, 716, 12008, 314, 51818], "temperature": 0.8, "avg_logprob": NaN, "compression_ratio": 1.9870129870129871, "no_speech_prob": 0.23819595575332642}, {"id": 1, "seek": 3000, "start": 30.0, "end": 53.1, "text": " am nervous I'm nervous I am anxious I am anxious I'm sick I am sleepy I am sleepy I am tired I'm tired I'm cold I'm cold I", "tokens": [50363, 716, 10927, 314, 1101, 10927, 314, 716, 18116, 314, 716, 18116, 314, 1101, 6639, 314, 716, 42023, 314, 716, 42023, 314, 716, 10032, 314, 1101, 10032, 314, 1101, 4692, 314, 1101, 4692, 314, 51518], "temperature": 1.0, "avg_logprob": -0.49801723377124685, "compression_ratio": 1.967741935483871, "no_speech_prob": 0.061667341738939285}, {"id": 2, "seek": 5310, "start": 53.1, "end": 73.82, "text": " am hot I'm hot I'm hungry I'm hungry I am thirsty I'm thirsty I am smart I am smart I am listening I'm listening I am", "tokens": [50363, 716, 3024, 314, 1101, 3024, 314, 1101, 14720, 314, 1101, 14720, 314, 716, 47124, 314, 1101, 47124, 314, 716, 4451, 314, 716, 4451, 314, 716, 8680, 314, 1101, 8680, 314, 716, 51399], "temperature": 0.0, "avg_logprob": -0.2859206063406808, "compression_ratio": 1.8870967741935485, "no_speech_prob": 0.18205471336841583}, {"id": 3, "seek": 7382, "start": 73.82, "end": 95.17999999999999, "text": " speaking I am speaking I am talking I am thinking I am cool I am cool I am confused I am confused I am", "tokens": [50363, 5486, 314, 716, 5486, 314, 716, 3375, 314, 716, 3612, 314, 716, 3608, 314, 716, 3608, 314, 716, 10416, 314, 716, 10416, 314, 716, 51431], "temperature": 0.0, "avg_logprob": -0.1785754987171718, "compression_ratio": 2.125, "no_speech_prob": 0.17897489666938782}, {"id": 4, "seek": 9518, "start": 95.18, "end": 120.08000000000001, "text": " hurt I'm hurt I am old I am old I am 60 years old I'm 60 years old I am young I am 23 years old I am 23 years old I am pregnant I am", "tokens": [50363, 5938, 314, 1101, 5938, 314, 716, 1468, 314, 716, 1468, 314, 716, 3126, 812, 1468, 314, 1101, 3126, 812, 1468, 314, 716, 1862, 314, 716, 2242, 812, 1468, 314, 716, 2242, 812, 1468, 314, 716, 10423, 314, 716, 51608], "temperature": 0.0, "avg_logprob": -0.19757130032493955, "compression_ratio": 2.0307692307692307, "no_speech_prob": 0.2877762019634247}, {"id": 5, "seek": 12008, "start": 120.08, "end": 146.4, "text": " I am married I am married I am working I am working I am from Mexico I am from New York I am from India I am from", "tokens": [50363, 314, 716, 6405, 314, 716, 6405, 314, 716, 1762, 314, 716, 1762, 314, 716, 422, 5828, 314, 716, 422, 968, 1971, 314, 716, 422, 3794, 314, 716, 422, 51679], "temperature": 0.2, "avg_logprob": -0.2232227772474289, "compression_ratio": 1.8524590163934427, "no_speech_prob": 0.47372308373451233}, {"id": 6, "seek": 14640, "start": 146.4, "end": 165.6, "text": " Algeria I am from Algeria I am French I am French I am Muslim I am Catholic I am Catholic I am Christian I am", "tokens": [50363, 36498, 314, 716, 422, 36498, 314, 716, 4141, 314, 716, 4141, 314, 716, 3765, 314, 716, 7835, 314, 716, 7835, 314, 716, 4302, 314, 716, 51323], "temperature": 0.0, "avg_logprob": -0.15639416924838362, "compression_ratio": 1.703125, "no_speech_prob": 0.6705771088600159}, {"id": 7, "seek": 16560, "start": 165.6, "end": 180.6, "text": " Christian I am Hindu I am Hindu I am Jewish I am Jewish I am Buddhist I'm Buddhist I", "tokens": [50363, 4302, 314, 716, 16397, 314, 716, 16397, 314, 716, 5582, 314, 716, 5582, 314, 716, 20838, 314, 1101, 20838, 314, 51113], "temperature": 1.0, "avg_logprob": -0.36609405020008917, "compression_ratio": 1.7142857142857142, "no_speech_prob": 0.35328295826911926}], "language": "en"}